,temperature,humidity,wind,msl_pressure,solar_radiation
98,28.9,77.0,1.9,1010.4,25.34
1188,27.8,83.0,2.2,1011.7,23.47
1407,26.4,84.7,1.6,1011.5,11.14
1083,25.9,91.4,1.3,1013.1,13.52
404,27.0,81.3,2.0,1010.6,19.55
280,27.1,86.5,1.5,1009.8,17.78
1403,27.2,84.4,1.6,1011.2,18.43
131,30.6,75.5,1.9,1007.4,23.95
810,28.4,74.8,1.4,1009.5,26.44
1251,29.3,78.0,1.7,1007.5,22.16
764,27.3,78.1,3.6,1013.1,15.76
941,27.0,84.8,1.9,1009.3,22.12
215,28.9,81.0,1.7,1007.2,20.3
135,30.4,75.5,1.6,1008.8,21.04
1163,28.1,78.8,1.7,1011.5,22.98
584,28.9,80.4,1.8,1009.4,21.51
1421,26.9,84.0,2.1,1011.3,18.51
298,27.2,84.2,1.7,1008.1,8.19
1338,28.1,82.7,1.8,1007.5,20.79
1166,29.0,77.4,1.8,1011.8,24.44
631,26.7,86.4,1.6,1009.8,12.47
480,29.1,78.9,1.8,1010.0,22.36
812,28.0,75.8,2.1,1009.3,24.28
1108,26.6,87.3,2.1,1011.6,12.2
195,27.5,86.1,2.0,1008.1,18.52
1263,29.3,79.9,2.1,1009.6,23.96
839,28.9,78.6,1.7,1009.4,20.1
1430,27.7,86.5,2.8,1009.8,18.51
1375,27.8,80.2,2.2,1010.4,18.98
1079,28.4,80.0,3.6,1011.5,19.04
1325,28.0,80.3,2.2,1011.2,20.99
325,27.5,85.8,1.6,1007.8,19.39
1286,28.5,75.8,2.3,1009.9,24.05
774,26.6,73.3,2.8,1015.0,20.12
521,26.4,89.0,1.5,1008.9,9.2
58,28.5,76.9,3.6,1015.1,18.51
957,28.8,84.1,1.6,1008.6,21.52
831,26.8,88.8,1.5,1009.4,10.01
239,27.3,82.7,1.3,1009.7,18.68
804,27.7,79.0,1.7,1010.5,25.37
824,27.9,76.8,1.4,1009.2,21.16
1045,28.1,84.7,2.2,1010.5,22.94
341,27.1,85.5,2.7,1009.1,18.56
27,29.2,78.8,2.8,1011.6,18.51
1358,28.0,84.3,1.7,1010.3,18.57
572,28.1,85.8,1.3,1007.0,15.25
126,29.8,80.1,1.9,1008.5,20.91
1439,27.6,73.5,5.2,1013.0,18.51
1116,27.9,78.5,2.6,1012.4,17.49
826,27.7,75.6,1.9,1008.8,24.66
817,28.0,79.5,1.6,1010.7,24.72
778,26.6,79.4,1.9,1010.5,23.85
525,29.2,84.6,1.6,1008.2,21.8
535,27.9,77.4,2.2,1008.8,19.9
90,28.0,76.4,1.8,1012.4,25.82
746,23.8,88.5,1.6,1010.2,8.62
1267,28.2,84.9,1.3,1008.1,16.71
262,27.3,85.1,1.8,1008.0,21.0
767,27.0,69.4,3.6,1014.3,21.39
462,28.2,84.3,1.7,1008.8,24.04
432,26.5,80.2,1.4,1010.4,22.83
148,28.3,83.4,1.7,1009.5,17.41
336,24.8,94.9,1.7,1009.9,5.09
1027,27.5,84.0,2.3,1011.7,17.92
558,28.2,77.1,1.7,1010.3,16.4
78,27.9,74.1,1.8,1010.3,25.41
1168,28.4,76.5,1.9,1013.2,25.64
536,28.0,78.0,1.6,1009.3,18.5
823,27.9,77.2,1.5,1010.3,19.54
35,28.7,81.9,4.2,1009.7,18.51
587,27.3,83.8,2.0,1009.9,18.22
790,27.8,76.7,2.4,1009.4,25.63
742,26.8,79.2,4.6,1012.2,6.69
464,28.0,83.4,1.7,1009.0,24.67
1327,28.3,80.2,2.1,1009.0,24.38
6,27.8,83.3,1.3,1014.0,18.51
809,27.8,78.3,2.0,1009.8,23.67
1452,26.8,81.5,1.7,1011.8,18.51
1132,27.2,79.3,1.6,1012.3,24.09
980,26.9,86.4,1.8,1008.9,16.07
303,26.6,87.8,1.2,1009.4,11.01
1266,27.1,87.8,1.7,1008.8,15.01
216,28.8,81.3,1.4,1008.3,18.64
867,28.9,79.2,1.9,1007.5,20.69
350,27.4,82.2,1.6,1010.1,12.65
1352,27.8,79.1,1.9,1010.2,21.12
1238,28.5,77.9,2.1,1010.3,24.16
202,28.2,80.4,1.5,1009.2,20.15
1081,25.5,93.6,0.9,1012.9,6.92
529,29.1,80.6,1.8,1009.8,22.9
310,27.4,84.1,1.7,1009.8,18.09
920,28.4,83.4,1.2,1008.0,19.39
401,26.7,84.4,2.2,1009.9,22.02
8,27.8,82.3,1.7,1012.9,18.51
241,27.8,83.8,1.5,1008.7,23.18
713,27.1,80.6,1.8,1011.3,21.48
959,28.3,86.8,1.2,1006.4,15.54
1195,28.4,75.0,1.7,1009.8,27.08
1152,27.2,77.1,2.0,1010.7,26.41
1410,27.1,83.8,2.2,1009.1,19.17
776,27.1,74.8,2.4,1014.2,24.89
927,29.1,79.1,1.3,1007.1,22.8
1207,29.1,78.7,1.8,1006.6,17.17
868,26.9,89.1,0.9,1007.1,6.92
275,29.0,74.4,1.6,1009.3,25.04
1112,25.9,90.2,2.2,1010.5,12.3
422,27.7,80.3,3.2,1010.0,20.13
1331,28.1,81.2,1.8,1010.4,18.8
1369,27.8,82.4,1.6,1011.3,16.04
639,27.0,84.1,1.8,1010.1,19.9
495,28.1,82.0,2.0,1009.5,19.39
62,27.8,79.3,1.8,1014.3,18.51
426,27.4,79.7,3.7,1010.5,16.18
663,27.6,82.6,1.8,1012.0,19.54
315,25.1,95.3,1.5,1011.0,6.8
924,28.5,82.7,1.4,1006.8,15.77
1281,28.8,82.5,2.1,1008.8,20.41
496,26.8,88.3,2.4,1009.4,9.43
1123,28.2,72.5,3.7,1013.2,21.46
613,28.2,78.0,2.2,1009.3,22.45
1419,27.4,83.0,2.1,1010.3,13.38
1371,27.6,78.1,1.8,1011.2,21.01
623,26.7,84.8,2.1,1007.2,17.19
154,28.2,80.0,2.3,1010.3,23.66
622,27.9,82.6,2.0,1008.2,21.98
745,23.9,89.5,1.6,1011.1,5.99
1316,29.0,81.3,2.1,1007.3,22.97
1291,27.2,82.2,2.1,1008.4,21.6
188,27.5,87.1,1.9,1008.1,20.88
189,27.4,86.0,1.4,1009.2,15.5
498,28.6,78.5,2.0,1008.3,23.46
982,26.5,85.8,1.6,1010.1,18.18
242,26.6,88.1,1.3,1009.7,12.9
1296,28.7,78.8,1.8,1007.8,14.57
528,28.7,82.0,1.4,1009.6,21.8
1332,27.8,80.0,2.3,1010.3,18.91
1390,28.0,86.3,1.7,1008.9,15.02
351,26.1,89.0,1.7,1011.0,10.09
41,28.0,81.5,2.1,1011.2,18.51
972,27.5,82.2,2.0,1009.5,22.38
1393,28.0,81.8,2.0,1010.0,21.68
99,29.5,77.3,1.8,1010.5,25.12
1128,26.6,86.3,1.6,1012.3,7.77
951,27.0,86.3,1.2,1009.1,13.49
725,27.1,76.9,3.5,1008.9,15.66
1174,28.6,73.8,1.9,1010.7,25.96
1169,28.2,76.2,1.6,1013.0,23.77
531,27.8,82.1,1.8,1010.5,19.0
634,28.0,79.5,1.8,1009.4,21.46
208,27.7,81.3,1.6,1008.8,21.77
83,28.6,78.1,1.9,1011.7,25.04
853,28.3,79.3,1.7,1010.9,25.18
250,27.2,86.0,1.2,1010.0,8.22
899,27.5,82.7,1.8,1008.2,9.64
76,28.0,79.0,1.7,1011.1,24.84
228,28.0,86.7,1.4,1007.9,11.76
1006,28.6,80.0,1.7,1009.6,23.27
579,27.4,84.4,1.6,1009.7,16.0
1408,26.2,86.4,2.1,1011.3,11.83
538,27.1,81.5,2.1,1009.6,15.9
1044,27.1,88.0,1.3,1009.7,11.88
702,24.7,97.0,1.9,1007.8,2.16
1126,27.9,77.9,2.0,1013.4,18.51
1117,27.0,80.9,2.1,1013.5,22.13
763,27.2,81.5,2.7,1012.3,20.63
748,26.0,82.8,1.6,1009.6,19.93
439,27.5,82.4,1.4,1010.0,24.68
419,27.3,83.0,1.6,1011.4,22.83
851,27.3,81.1,1.5,1010.5,21.5
1129,27.9,80.0,2.5,1013.0,15.88
1023,25.9,88.2,2.2,1011.1,19.26
323,27.6,84.7,1.6,1007.2,19.72
1422,26.6,86.2,3.1,1011.5,18.51
708,26.5,85.5,3.1,1011.5,7.17
1073,27.9,84.0,1.5,1010.0,22.25
654,27.1,87.3,1.6,1008.8,14.39
660,27.5,85.2,2.0,1010.3,9.37
994,28.0,82.1,2.3,1010.5,25.48
1295,28.7,79.5,1.9,1007.3,14.48
200,28.1,78.6,2.0,1008.5,21.43
349,27.7,79.6,1.4,1009.0,20.85
1252,28.6,79.9,2.1,1009.1,15.67
825,28.0,75.9,1.6,1008.3,24.64
1035,29.4,70.2,3.2,1009.6,20.32
1224,27.4,88.3,2.2,1008.3,18.54
1215,29.2,82.0,1.8,1009.3,19.93
593,26.4,86.6,1.7,1009.1,18.51
1005,29.2,78.8,1.6,1009.7,23.28
827,27.9,75.4,1.7,1010.2,24.89
607,27.9,81.0,1.7,1009.4,25.36
597,28.0,83.2,1.5,1008.7,13.13
766,27.2,71.3,3.8,1014.8,22.04
355,25.4,89.7,2.8,1009.6,11.64
589,26.6,86.8,1.9,1010.2,16.2
1012,27.9,83.9,2.1,1010.1,24.45
452,27.7,83.3,2.2,1011.7,21.23
653,27.7,83.3,1.5,1008.3,15.27
211,28.8,79.7,1.6,1009.3,23.99
180,29.1,82.6,1.4,1009.5,19.76
1376,26.2,88.3,1.6,1010.3,10.18
395,26.2,78.1,1.8,1011.3,19.02
244,28.2,81.6,1.9,1010.7,23.82
898,28.3,81.8,1.3,1008.5,11.26
274,28.6,77.8,2.1,1009.1,25.32
205,27.7,82.5,2.1,1009.0,20.55
893,29.2,77.6,1.9,1009.9,13.75
286,28.0,78.1,2.7,1007.1,23.56
392,26.7,85.6,4.1,1012.4,12.31
644,28.1,82.0,1.7,1009.0,24.82
220,28.1,83.0,1.5,1009.9,18.12
785,27.4,82.0,2.7,1012.1,16.48
752,25.9,87.8,2.3,1008.1,11.83
428,27.4,75.5,3.1,1009.4,22.9
34,27.2,87.8,3.4,1010.8,18.51
85,29.3,73.5,2.6,1014.2,21.53
234,29.1,81.6,1.2,1007.7,18.51
156,29.5,77.9,1.7,1010.5,24.38
331,25.8,91.9,1.0,1009.2,7.06
830,28.7,76.9,3.2,1009.8,19.34
709,27.0,81.7,2.1,1012.2,16.41
1230,28.8,80.3,2.1,1009.5,20.7
363,26.0,85.2,2.0,1011.2,13.91
1000,27.8,80.9,1.8,1009.6,22.65
993,27.8,82.3,1.9,1009.6,22.61
1328,28.1,81.0,1.6,1009.4,20.22
1118,26.8,82.0,1.8,1013.3,17.22
509,27.5,87.9,1.5,1007.9,12.44
67,28.4,77.3,1.6,1010.4,18.51
1447,26.6,88.3,4.2,1010.6,18.51
1085,26.8,86.8,1.8,1011.5,21.96
736,27.1,83.8,1.2,1008.5,17.75
598,28.1,83.0,1.7,1007.9,21.4
471,28.9,77.5,1.7,1009.6,25.55
694,25.2,92.6,2.1,1009.5,9.64
393,26.9,78.1,3.7,1012.1,12.96
1329,27.3,83.8,1.9,1010.5,14.08
909,27.8,80.9,1.6,1009.3,16.28
347,27.3,73.1,3.0,1009.2,17.42
777,26.1,79.7,1.9,1012.1,24.31
329,27.4,86.8,1.9,1008.0,17.95
134,29.9,76.4,1.8,1009.4,24.42
771,25.2,75.4,1.7,1012.9,23.87
9,28.1,80.7,1.4,1012.7,18.51
918,28.6,78.0,1.2,1007.6,14.1
10,27.1,84.9,1.8,1012.5,18.51
1153,27.5,77.8,2.6,1009.9,15.91
629,26.9,80.6,2.2,1008.4,16.08
876,27.1,86.8,0.5,1008.7,6.07
820,28.5,77.6,1.5,1009.8,24.76
284,28.0,78.4,2.0,1008.3,20.16
1103,28.6,78.5,3.4,1012.2,19.15
370,25.2,94.9,0.8,1008.0,3.82
577,28.3,86.3,1.2,1008.7,14.73
1223,29.1,80.6,2.0,1007.8,23.4
125,30.5,74.7,1.8,1008.8,23.54
407,27.5,75.0,2.8,1013.3,20.55
1271,28.3,84.9,1.9,1009.1,18.89
1240,29.1,81.1,1.7,1009.0,20.92
772,24.7,76.6,1.4,1013.5,23.6
541,27.0,85.3,1.7,1008.7,9.6
139,29.0,77.4,2.0,1008.3,16.4
260,26.5,85.8,1.6,1008.9,11.85
473,29.2,78.6,1.7,1010.2,25.33
165,29.0,74.1,2.0,1009.6,23.05
226,28.6,83.6,1.5,1008.2,19.47
1176,28.9,74.6,2.1,1010.5,26.41
191,28.4,80.9,1.2,1008.6,18.51
306,27.5,84.2,2.3,1009.7,16.37
614,27.4,83.2,1.9,1009.1,15.4
1119,28.0,74.9,3.2,1013.4,17.65
1279,28.8,83.9,1.7,1009.4,18.18
482,29.1,78.0,1.7,1009.8,25.65
1179,29.1,77.4,1.9,1010.7,24.09
1101,27.3,87.5,1.9,1012.6,17.34
1098,26.6,82.8,5.2,1009.5,5.49
320,24.9,94.4,1.8,1009.8,3.62
1165,28.2,77.7,2.1,1011.9,25.53
1257,29.2,79.2,2.3,1009.2,21.6
17,28.6,83.2,1.7,1009.7,18.51
1389,27.9,85.5,1.3,1009.0,15.87
430,26.6,80.6,1.7,1009.5,22.95
1424,27.6,83.8,2.6,1011.2,18.51
997,27.7,82.3,1.8,1010.9,23.99
1289,27.2,79.6,2.2,1010.7,20.73
1253,26.4,90.0,1.9,1009.7,15.55
1094,27.6,82.1,2.7,1012.4,19.94
207,27.2,83.6,2.2,1009.3,21.14
237,27.9,85.3,2.2,1006.9,18.17
852,27.6,81.5,2.0,1010.7,22.17
345,26.3,84.8,2.6,1009.0,14.21
968,28.7,81.7,1.4,1008.3,24.22
1364,27.1,89.0,2.2,1012.5,20.14
340,27.2,88.6,2.0,1009.4,13.5
596,27.4,84.0,1.3,1009.2,13.61
457,26.4,90.2,1.6,1011.2,11.43
175,26.4,89.3,1.6,1008.8,10.97
549,28.0,80.4,1.8,1009.7,18.7
300,27.7,84.0,1.9,1010.7,17.59
459,25.9,88.9,1.6,1010.4,13.67
685,27.1,85.3,1.7,1008.9,18.05
616,28.5,78.7,1.6,1009.2,24.52
1294,28.1,80.2,2.0,1006.7,19.78
906,28.2,72.0,2.2,1009.6,18.8
701,25.0,96.4,1.8,1008.1,1.11
612,28.4,79.7,1.9,1009.0,20.86
1066,26.4,91.2,2.3,1009.9,18.51
1130,28.3,79.5,2.3,1013.8,22.67
463,27.9,86.1,1.5,1009.1,22.12
643,27.3,83.8,1.5,1009.1,13.24
326,27.3,86.2,1.2,1008.0,13.21
1206,29.4,77.8,1.8,1006.6,26.41
705,26.2,90.4,1.6,1009.4,14.7
650,28.5,80.8,2.2,1007.5,18.27
1211,29.5,75.9,2.1,1008.1,21.88
59,28.6,75.8,3.0,1015.2,18.51
13,27.9,86.9,1.6,1010.9,18.51
1453,26.6,82.6,1.9,1011.9,18.51
807,27.8,77.1,1.8,1011.0,26.26
1091,27.8,82.0,2.4,1009.2,18.56
1301,27.0,83.3,2.6,1011.5,19.19
1051,27.8,85.5,1.4,1010.6,14.74
1448,27.0,86.6,3.3,1011.5,18.51
995,26.3,88.3,1.6,1011.5,8.76
322,26.0,91.0,1.8,1007.9,11.27
750,26.5,83.7,2.6,1008.8,14.29
441,28.0,79.7,1.7,1009.8,23.42
1413,27.6,85.1,1.9,1011.0,17.92
1260,28.9,78.7,2.0,1008.8,18.39
554,27.2,82.5,1.9,1010.7,15.3
256,27.6,81.3,1.1,1008.9,18.09
560,26.8,86.0,1.9,1009.9,17.02
671,27.6,81.9,3.3,1006.9,14.08
1026,28.2,82.7,1.5,1011.4,23.81
813,26.7,83.5,1.4,1011.0,12.5
72,28.8,79.3,1.9,1012.3,19.9
257,27.6,85.0,1.6,1009.6,15.24
945,28.1,80.0,1.4,1009.6,20.53
2,27.1,86.3,2.5,1014.0,18.51
1378,28.1,81.5,1.7,1010.9,23.54
1265,27.6,85.2,2.1,1009.0,14.71
649,27.7,84.8,1.6,1006.9,21.17
367,27.0,84.9,4.0,1009.1,15.55
1102,28.1,82.8,2.7,1012.3,13.0
1064,27.7,85.8,2.4,1012.3,17.61
479,29.1,75.6,1.8,1010.4,25.15
937,27.4,83.0,2.1,1009.4,22.11
1387,27.4,86.0,2.1,1010.4,17.44
585,28.1,82.0,1.7,1010.3,23.45
117,30.2,74.1,1.8,1008.6,24.06
1059,27.7,78.8,2.2,1011.0,21.54
5,28.0,84.3,1.8,1013.3,18.51
1362,27.4,83.7,1.1,1011.2,20.25
931,28.3,82.1,2.1,1008.4,21.8
1127,27.6,80.7,1.8,1013.2,22.0
913,27.4,79.8,2.3,1009.6,19.85
669,24.6,94.2,2.1,1009.3,7.93
445,28.5,76.0,1.7,1010.7,25.25
136,30.4,74.9,1.8,1008.3,20.51
11,27.6,81.2,1.6,1011.8,18.51
1030,28.3,82.0,1.9,1011.7,22.57
332,26.3,90.2,2.2,1010.3,14.58
604,26.7,85.0,2.1,1007.0,18.41
568,28.3,81.9,1.6,1009.8,16.83
861,29.3,77.9,1.7,1009.8,22.21
700,26.4,89.7,1.9,1007.8,13.97
1400,27.1,85.1,1.9,1008.7,18.31
54,28.0,75.6,3.1,1013.8,18.51
828,27.6,76.2,1.6,1010.6,23.26
233,29.0,78.3,1.4,1007.8,17.35
84,28.7,74.7,1.9,1013.5,26.44
641,27.9,78.9,1.9,1008.9,23.01
857,29.2,76.0,1.8,1010.3,24.72
64,28.7,77.8,2.1,1011.9,18.51
1231,29.1,77.9,2.1,1010.5,23.25
187,26.2,89.2,1.6,1008.8,16.35
858,29.0,76.5,1.9,1009.2,22.32
151,29.2,78.0,1.9,1010.0,24.13
1124,27.9,74.5,2.8,1012.9,13.91
1133,26.8,77.7,1.7,1012.7,25.14
388,27.3,80.5,4.8,1012.6,13.43
137,30.7,75.5,1.8,1008.1,24.16
172,27.7,82.6,1.9,1008.4,18.3
530,29.4,80.3,1.3,1010.5,20.7
779,26.6,80.2,1.8,1010.4,24.91
455,27.0,86.7,1.7,1011.7,16.64
1144,27.4,77.5,1.6,1012.2,21.84
594,26.4,88.5,1.5,1008.0,16.18
983,27.7,80.8,1.8,1012.0,20.29
1148,27.6,83.5,1.5,1012.4,22.65
374,27.3,87.2,1.8,1007.8,18.31
1323,28.6,80.8,1.9,1009.7,19.64
707,26.7,88.0,2.4,1011.3,9.21
160,28.9,75.3,1.7,1011.0,23.89
50,28.2,75.1,2.1,1014.4,18.51
1125,27.8,77.8,2.4,1013.3,13.74
1037,28.8,79.1,3.6,1011.6,18.14
670,26.7,82.7,2.6,1008.6,19.64
32,28.0,81.3,2.4,1011.3,18.51
238,27.1,86.8,2.0,1008.4,18.51
698,24.5,96.6,2.2,1007.3,4.17
354,25.5,93.4,1.8,1008.9,7.2
164,28.0,81.4,2.1,1010.4,19.03
486,28.0,82.1,1.5,1010.4,9.32
759,26.8,85.2,1.5,1010.0,20.53
940,26.9,83.5,1.9,1008.8,15.13
808,27.9,77.8,1.9,1010.4,24.35
295,25.5,90.8,1.1,1010.0,8.3
1028,26.6,84.4,2.2,1011.7,13.18
474,28.6,81.2,1.9,1010.1,23.58
730,27.9,79.7,4.6,1009.7,16.67
472,28.8,78.8,1.6,1010.0,25.5
969,27.9,83.3,1.7,1009.0,20.78
1234,29.1,82.4,1.6,1009.5,22.4
711,26.6,81.5,2.2,1012.1,13.85
866,29.4,78.2,1.5,1007.5,21.73
97,28.0,77.6,1.8,1010.7,24.35
1397,25.9,89.9,1.5,1009.5,9.38
576,28.2,81.8,1.7,1008.8,22.72
894,28.5,78.3,1.6,1009.2,11.9
942,27.7,79.1,2.0,1009.8,19.14
550,28.6,77.1,2.1,1009.6,21.2
308,25.6,89.9,2.0,1009.1,6.53
791,27.7,79.4,2.1,1009.1,22.27
780,26.4,77.2,2.0,1010.3,23.7
672,27.1,85.9,2.2,1006.2,16.86
881,28.3,79.5,1.4,1009.4,11.69
433,26.8,77.2,1.8,1010.2,22.27
582,27.9,83.6,1.4,1007.3,12.51
1425,24.9,95.2,1.8,1010.3,18.51
1040,25.3,96.8,1.9,1010.0,2.82
1162,28.0,79.1,1.8,1011.3,24.34
1036,25.6,93.3,1.7,1010.0,2.31
448,28.8,75.6,1.6,1010.5,25.67
1269,27.2,85.5,1.9,1007.4,8.6
567,27.9,83.5,1.8,1009.5,13.98
619,27.0,86.5,2.0,1010.8,15.76
1158,26.4,74.2,1.9,1009.8,25.84
492,29.2,76.0,1.7,1011.1,24.6
385,27.0,85.2,3.8,1010.6,13.42
281,26.4,83.9,2.0,1011.0,11.49
1196,28.8,75.6,1.8,1009.0,26.05
483,29.2,75.2,2.2,1010.0,24.82
282,27.0,83.7,1.3,1010.1,13.36
437,28.0,76.6,2.0,1010.6,24.06
1007,28.7,79.0,1.7,1009.3,22.1
548,28.7,82.7,1.7,1009.3,16.4
801,28.4,73.0,3.6,1011.7,22.19
1299,28.7,78.4,2.0,1008.8,22.18
1143,27.1,76.1,1.8,1012.8,24.41
1314,28.8,82.5,2.0,1008.2,12.85
1058,27.4,81.2,1.7,1011.6,23.64
673,26.6,89.2,1.2,1006.2,10.44
1392,28.3,82.2,1.7,1009.5,23.58
686,28.1,82.3,2.2,1008.8,22.63
1227,28.6,87.5,1.4,1009.7,12.76
1382,27.9,81.7,2.2,1010.3,24.27
121,29.9,75.2,1.9,1009.3,24.28
1275,28.8,83.4,2.0,1008.3,17.65
699,24.9,95.0,1.9,1006.8,6.09
793,28.4,78.6,1.7,1009.2,23.44
16,28.4,84.6,1.5,1009.8,18.51
1443,27.5,74.1,4.0,1012.7,18.51
1145,27.6,81.1,2.0,1012.6,18.51
1385,27.5,84.7,1.4,1009.4,15.05
991,27.9,82.5,1.6,1010.4,17.43
863,29.2,77.0,1.6,1009.1,24.47
293,27.1,87.7,2.0,1007.2,13.23
1351,28.1,81.8,2.0,1011.2,21.58
1008,27.7,86.6,1.6,1009.9,14.2
106,30.2,79.5,1.5,1009.4,24.02
726,26.0,82.6,2.8,1010.0,18.38
23,29.4,73.4,3.8,1013.9,18.51
710,26.9,81.9,1.9,1012.0,14.09
69,28.3,78.7,1.6,1011.7,25.27
955,29.0,82.6,1.3,1008.6,18.51
425,27.3,79.2,4.0,1010.8,16.34
979,27.7,80.0,1.8,1009.6,21.32
1284,28.0,79.0,2.1,1010.4,22.26
103,29.8,77.9,2.0,1008.4,22.81
555,26.3,85.2,1.9,1010.9,16.3
1245,29.6,77.7,1.7,1008.1,23.46
1084,25.3,92.5,2.0,1012.8,5.92
890,27.9,82.6,1.8,1009.0,18.64
1368,28.3,82.1,1.8,1011.1,23.83
74,27.8,77.0,1.6,1011.7,25.94
507,28.6,84.6,1.4,1007.8,16.28
1318,28.7,79.5,1.7,1007.6,11.94
218,28.4,79.6,1.4,1009.5,11.73
1290,27.6,79.2,1.9,1009.6,22.6
1048,26.6,87.9,1.4,1008.9,12.99
265,25.2,89.0,1.5,1009.9,6.99
885,28.9,76.4,1.6,1007.8,19.54
816,28.5,75.5,2.4,1011.3,24.32
434,26.5,76.7,1.6,1010.0,25.43
110,30.2,75.3,1.7,1010.6,25.22
510,28.3,84.1,1.5,1007.9,17.15
40,27.2,81.4,2.7,1012.1,18.51
1009,27.8,85.5,1.4,1010.4,17.27
276,27.2,85.3,1.2,1008.8,8.68
339,26.9,89.5,1.4,1008.9,13.33
1451,27.6,76.6,2.6,1011.4,18.51
799,27.4,80.3,2.5,1011.1,16.62
185,30.0,81.4,1.5,1009.2,21.47
1060,27.7,82.1,2.4,1010.7,19.26
744,25.6,80.3,3.3,1011.9,7.84
888,29.4,78.8,1.9,1008.8,20.62
1114,28.1,76.3,2.8,1011.2,18.75
952,27.3,85.1,1.3,1009.8,15.91
61,28.1,75.8,2.5,1014.4,18.51
1189,27.2,85.9,1.7,1011.9,17.72
578,28.9,82.3,1.5,1010.0,21.69
797,28.1,81.5,2.4,1009.8,23.24
655,27.8,83.6,1.4,1008.6,17.06
953,27.6,83.6,1.2,1008.9,13.08
387,26.8,84.0,4.8,1013.3,7.54
127,29.8,79.0,1.6,1007.9,21.22
1386,27.0,88.3,2.1,1009.8,5.19
251,26.5,87.2,1.6,1011.1,16.99
1256,28.0,85.9,1.7,1008.1,20.23
966,27.6,85.4,1.2,1009.3,21.08
307,26.5,87.3,2.2,1009.7,8.51
193,27.7,83.3,1.7,1008.6,16.63
646,28.6,79.0,2.2,1007.3,23.32
502,28.1,83.5,1.6,1007.0,13.29
33,28.4,80.0,3.6,1011.1,18.51
1093,27.3,81.2,2.6,1011.2,20.41
800,28.4,72.5,3.8,1011.6,23.01
870,29.5,76.9,1.8,1007.3,23.45
57,28.4,78.5,4.4,1014.2,18.51
936,27.7,81.7,2.1,1009.6,17.69
358,25.1,94.7,2.0,1009.6,3.35
45,28.4,82.0,2.1,1012.5,18.51
1398,27.2,84.4,1.6,1009.0,20.89
1109,25.4,92.8,2.0,1010.9,5.63
1428,28.3,83.4,3.6,1009.6,18.51
68,27.8,79.5,1.8,1010.3,12.25
318,26.2,88.4,1.2,1010.1,10.18
291,27.0,89.6,1.2,1007.5,9.46
46,28.6,74.0,2.5,1014.5,18.51
277,27.8,77.9,1.7,1008.1,21.55
1343,26.9,84.7,1.8,1009.4,21.02
297,27.8,82.3,1.8,1008.3,19.41
224,28.1,82.1,1.5,1009.7,19.49
926,28.8,82.4,1.2,1007.5,16.02
1057,27.8,83.6,1.5,1012.3,22.0
1053,27.8,81.5,1.8,1011.6,21.77
364,26.8,78.3,2.8,1010.7,21.43
427,27.2,78.3,4.0,1009.8,14.11
840,27.5,84.9,1.4,1009.3,16.21
366,24.9,93.6,4.4,1009.7,1.56
0,28.9,75.2,5.0,1014.3,18.51
773,24.9,75.2,2.3,1015.2,23.8
842,28.6,78.2,1.7,1008.9,24.17
1029,27.6,82.9,2.3,1012.0,25.59
66,28.8,78.0,2.0,1011.5,18.51
985,27.4,81.4,1.6,1010.3,21.61
31,28.9,75.7,2.3,1011.5,18.51
938,27.8,81.5,1.6,1009.2,21.95
1121,27.3,68.5,3.2,1013.9,19.47
28,28.7,81.2,2.2,1012.2,18.51
294,27.0,85.9,1.6,1008.1,20.2
1201,29.7,78.3,2.3,1009.8,25.5
113,30.1,75.4,1.8,1008.8,23.74
245,28.4,81.2,1.5,1009.9,17.99
415,26.3,84.0,3.3,1012.4,13.91
769,26.1,71.6,2.1,1012.6,17.38
161,29.8,74.8,1.6,1010.7,23.62
678,27.3,85.9,1.5,1008.2,20.46
411,26.8,75.1,5.5,1015.3,16.39
1142,27.1,76.3,2.0,1014.0,25.06
38,27.7,68.7,4.2,1012.8,18.51
1209,28.9,81.2,1.4,1008.6,16.95
1354,26.7,86.8,1.6,1009.1,17.08
1,28.8,75.5,3.1,1014.6,18.51
1341,27.9,82.0,1.8,1009.0,19.46
247,27.7,81.0,2.5,1010.5,21.99
1450,27.7,79.9,3.0,1010.8,18.51
665,27.7,82.9,1.9,1010.0,17.02
1384,27.5,84.8,1.5,1009.9,21.11
1089,27.6,81.9,2.3,1009.8,18.06
1333,26.6,87.5,2.1,1010.1,12.26
92,29.3,76.8,1.9,1011.2,24.12
381,27.1,80.8,2.5,1009.5,21.7
114,30.3,74.8,1.9,1008.1,24.19
1062,28.1,81.6,1.6,1011.9,16.46
254,27.5,84.8,2.0,1008.3,21.91
429,27.4,76.2,2.1,1009.7,24.79
588,27.6,79.6,2.0,1010.0,23.02
178,27.4,86.6,1.3,1008.6,13.81
1172,28.1,74.3,1.2,1011.8,22.91
1159,25.9,77.3,1.8,1010.6,26.54
389,27.2,80.2,5.2,1012.7,11.08
132,30.7,75.5,1.8,1006.8,22.65
1047,26.7,88.3,1.4,1008.7,17.09
1366,28.2,81.9,1.8,1011.8,21.46
570,28.3,82.1,1.5,1008.6,19.94
289,27.7,82.0,1.9,1007.8,14.64
246,28.2,78.8,2.0,1009.9,24.07
892,29.6,78.2,1.8,1010.0,21.66
775,26.7,77.1,3.0,1015.1,11.7
552,27.8,79.5,2.3,1009.8,22.4
89,28.6,75.5,1.6,1013.8,24.36
192,28.4,81.4,1.4,1008.6,22.12
1455,26.7,81.3,1.5,1011.8,18.51
1437,27.6,74.0,4.5,1012.6,18.51
1063,27.1,87.7,1.6,1012.3,14.38
436,27.8,75.2,1.5,1011.1,25.54
962,28.5,82.2,2.2,1009.3,19.69
902,28.2,81.1,1.6,1010.8,20.58
651,27.8,85.4,2.3,1007.8,19.92
921,25.9,90.4,1.3,1008.7,9.38
146,28.5,82.1,2.0,1008.9,18.88
118,30.4,75.4,1.7,1008.4,23.41
1203,29.9,77.1,2.1,1009.5,27.33
1401,28.0,79.8,2.0,1009.6,19.1
533,28.7,79.1,1.9,1008.6,23.6
862,28.9,77.2,1.6,1009.3,20.07
802,28.4,73.8,3.5,1011.7,23.52
1272,29.0,80.4,2.3,1010.3,21.8
1041,24.5,96.7,1.3,1009.2,2.09
1065,27.5,87.0,2.5,1010.9,11.83
897,29.4,78.2,1.4,1008.5,14.92
26,28.9,80.0,3.3,1012.1,18.51
676,26.1,91.7,1.0,1007.9,7.49
14,26.8,93.0,1.4,1009.7,18.51
500,28.8,79.7,1.9,1007.1,21.6
887,29.6,78.1,1.8,1009.4,21.77
82,28.4,78.0,1.7,1010.4,23.09
353,25.9,87.0,3.2,1009.9,11.6
1226,28.6,84.9,1.6,1010.1,15.09
1373,26.4,85.4,1.8,1009.9,14.7
1167,28.8,77.6,2.4,1012.5,25.65
600,27.2,81.0,2.2,1008.2,22.05
875,28.8,77.5,1.5,1008.1,21.44
273,28.3,79.4,1.9,1008.3,23.23
912,27.8,78.8,1.6,1009.3,24.17
684,27.3,86.4,1.6,1009.0,21.91
1092,26.8,86.9,1.5,1009.4,10.3
466,28.0,82.5,1.9,1008.1,22.85
1339,28.4,79.5,1.9,1009.2,20.75
1274,28.2,81.6,2.0,1008.6,19.08
662,27.4,82.6,2.3,1011.6,20.88
447,28.0,78.6,1.5,1009.9,26.27
371,26.8,89.2,1.8,1006.9,13.03
557,28.2,77.4,2.3,1009.5,23.6
854,29.0,76.5,1.9,1010.6,25.49
1032,27.5,84.8,1.7,1009.8,18.94
271,27.0,85.4,1.5,1008.4,20.33
605,27.4,84.0,1.5,1008.7,22.6
449,28.7,74.7,1.5,1010.7,23.92
1246,29.4,79.9,1.7,1007.6,20.19
523,27.3,87.4,2.1,1009.4,18.9
214,28.9,75.9,1.4,1007.2,18.12
344,27.2,83.3,1.7,1008.3,17.87
838,28.5,78.5,1.8,1010.7,18.51
1270,26.2,91.5,1.7,1008.4,15.98
147,27.5,85.6,1.6,1009.3,17.62
1310,29.1,76.6,1.9,1009.5,19.35
1104,28.6,78.3,2.8,1012.3,20.13
723,27.0,84.5,4.9,1008.7,12.37
412,26.8,73.8,4.7,1014.2,11.3
688,28.0,81.1,2.0,1008.2,22.15
1304,27.1,82.7,2.2,1010.0,19.02
783,27.2,80.7,1.7,1009.1,20.2
342,25.4,94.9,2.0,1008.3,2.95
947,28.1,82.6,1.4,1009.0,19.29
747,24.9,87.0,1.4,1009.5,10.95
173,26.6,87.3,1.5,1009.1,10.39
1013,25.8,93.7,1.4,1010.1,4.54
377,27.5,82.8,1.5,1008.5,17.45
992,26.0,89.6,1.0,1010.0,7.35
738,26.8,87.2,1.5,1010.2,18.6
305,26.0,90.2,1.4,1010.1,9.02
543,28.1,81.0,1.8,1009.3,21.4
1043,27.2,84.0,1.5,1008.8,22.08
1307,28.8,79.9,1.9,1009.2,21.5
18,28.2,81.8,1.5,1010.9,18.51
285,27.5,82.3,2.3,1007.8,22.34
221,29.1,80.8,2.0,1009.4,22.16
1024,27.3,83.0,1.5,1011.9,20.26
22,28.4,80.4,2.2,1013.2,18.51
1156,27.6,75.7,2.2,1010.7,24.79
116,29.9,75.2,1.7,1009.6,24.31
1020,28.0,80.3,1.7,1011.0,23.63
406,26.8,74.5,2.8,1011.2,22.18
361,25.5,91.8,1.7,1009.8,3.76
95,28.7,78.6,1.6,1010.5,18.65
1198,28.5,81.9,2.2,1009.5,21.11
261,27.8,80.2,1.8,1008.7,22.17
1199,29.3,80.9,2.4,1010.0,24.52
1173,28.6,71.0,1.9,1010.9,24.94
608,27.8,81.0,1.8,1009.5,21.06
179,28.5,84.4,1.3,1008.5,13.36
102,30.0,80.5,1.6,1008.6,23.16
574,28.9,82.3,1.6,1009.6,20.12
716,27.1,79.8,1.7,1013.1,20.73
1017,27.5,82.0,2.5,1012.3,23.44
563,28.4,83.6,1.5,1007.9,19.18
184,29.5,80.5,1.7,1010.2,22.99
467,28.2,83.9,1.5,1008.4,18.05
380,26.9,81.2,1.9,1010.0,20.86
903,27.6,80.2,2.0,1009.8,19.54
603,27.3,81.1,2.4,1007.4,22.19
71,28.5,77.9,1.8,1012.0,24.76
1232,27.7,85.4,1.9,1010.1,21.07
396,26.7,79.7,2.4,1011.1,20.97
874,27.4,84.4,1.6,1008.0,10.51
1273,27.5,85.1,1.8,1009.4,16.56
923,28.5,83.4,1.2,1007.8,18.1
346,27.4,75.3,2.8,1008.9,15.2
1022,26.5,84.5,1.9,1010.9,14.99
1320,28.8,81.5,2.7,1009.6,19.23
29,28.1,82.2,1.4,1011.6,18.51
1210,29.4,79.4,1.6,1008.1,20.81
796,28.3,77.7,2.3,1009.7,24.83
39,27.8,72.7,3.6,1012.4,18.51
504,29.8,79.1,2.2,1008.5,19.54
157,29.7,77.4,1.7,1010.8,23.24
932,28.1,83.6,1.5,1009.7,18.61
658,28.2,80.3,2.1,1011.4,16.17
733,26.8,80.8,4.9,1008.5,5.25
635,26.5,91.5,0.9,1010.0,6.58
1423,27.4,82.5,1.8,1010.8,18.51
1363,27.6,89.2,1.7,1011.7,19.2
1377,27.0,85.6,1.5,1010.4,13.21
394,26.9,75.8,2.9,1012.1,15.96
52,26.9,77.3,1.6,1015.0,18.51
988,25.9,91.3,1.4,1009.0,15.37
1347,26.9,84.5,2.0,1010.8,20.34
359,27.7,82.0,2.7,1010.0,18.16
1322,28.3,80.7,1.6,1010.8,18.86
402,27.1,80.4,2.2,1009.9,25.18
989,26.6,86.5,1.7,1007.5,18.39
677,26.3,90.8,1.5,1008.5,15.59
822,28.7,73.6,1.8,1010.2,22.14
963,28.0,84.8,1.2,1008.3,17.86
835,28.7,80.3,1.7,1008.5,23.75
1213,29.2,76.0,2.3,1009.7,21.44
939,28.1,80.8,1.4,1009.1,17.94
691,28.1,82.1,1.3,1007.7,21.29
1180,27.3,85.9,1.6,1011.7,13.11
334,25.6,90.9,2.4,1011.4,7.24
873,29.2,78.5,1.5,1008.4,20.13
805,27.7,80.1,1.7,1010.6,20.96
7,27.8,82.7,1.8,1013.3,18.51
517,28.2,82.0,1.8,1009.0,20.7
197,28.5,82.6,1.8,1010.2,23.36
296,27.0,85.0,2.2,1009.0,19.38
1225,28.4,86.0,1.7,1009.4,14.27
1298,29.2,81.4,1.6,1008.8,23.12
122,30.0,77.0,1.7,1009.4,23.18
378,26.8,83.0,1.6,1008.8,20.17
1446,27.5,83.8,3.9,1010.5,18.51
1254,27.7,84.3,1.7,1009.6,17.06
162,29.2,80.1,1.3,1010.4,19.35
124,30.7,75.0,1.7,1008.8,25.33
551,28.1,75.8,2.2,1010.4,18.5
4,28.1,84.3,1.7,1013.1,18.51
915,27.6,83.5,0.9,1009.3,8.2
958,29.0,83.1,1.4,1008.3,19.41
1247,29.6,78.6,1.7,1007.9,20.2
611,28.4,79.1,1.9,1009.1,24.5
287,27.1,86.7,1.7,1007.0,17.01
956,28.4,84.5,1.1,1008.2,13.38
1454,26.9,83.5,1.6,1012.2,18.51
1105,28.2,80.3,3.3,1012.0,13.76
908,26.1,86.2,1.3,1009.7,8.84
506,29.3,79.7,1.6,1006.6,17.43
356,25.9,87.6,2.3,1009.4,12.29
352,26.0,89.9,1.6,1011.1,10.09
844,28.6,77.2,2.0,1008.4,25.15
836,28.7,79.0,2.1,1009.8,24.41
946,28.5,77.0,1.5,1008.9,22.56
667,27.5,81.4,2.9,1010.7,18.13
886,28.6,82.5,1.3,1008.6,10.28
1221,29.2,76.7,2.6,1009.2,21.09
333,23.8,97.2,2.1,1011.7,0.75
153,29.4,78.0,1.8,1009.3,24.83
787,27.9,75.0,2.3,1010.8,21.61
501,28.8,79.3,1.8,1007.4,17.63
721,26.0,75.0,4.5,1009.9,7.3
373,26.6,91.5,1.3,1006.3,10.05
590,27.6,82.0,1.6,1010.4,15.81
312,26.6,86.9,1.8,1010.9,20.27
42,28.4,83.0,1.8,1011.1,18.51
1134,26.8,79.0,1.8,1012.5,25.85
645,28.6,79.1,1.7,1008.4,23.86
1243,28.1,85.0,2.2,1007.3,20.59
971,28.0,79.4,1.9,1010.3,23.14
1381,28.3,79.7,2.3,1009.6,25.75
522,27.5,86.8,1.7,1009.2,17.3
1185,27.6,85.0,1.7,1010.9,13.03
762,27.2,81.3,1.9,1011.7,23.15
1237,29.3,79.7,1.7,1009.9,23.74
1459,27.7,75.0,2.6,1012.1,18.51
704,26.9,88.8,1.5,1008.3,17.6
1219,30.5,76.5,2.2,1010.5,25.41
1449,27.0,86.6,2.2,1011.4,18.51
944,27.1,80.9,2.1,1010.6,20.0
168,28.2,80.2,2.0,1008.7,20.28
360,27.1,84.8,3.1,1010.1,16.61
1018,27.0,84.6,1.9,1011.5,12.97
1442,27.8,73.3,3.4,1012.0,18.51
743,26.8,73.4,5.1,1012.0,6.93
272,27.7,81.5,2.0,1008.1,23.22
519,27.6,83.3,2.0,1009.8,18.3
814,28.4,75.8,2.2,1012.4,21.66
818,27.6,78.9,1.9,1010.2,24.35
734,27.1,81.5,3.7,1008.8,11.33
1370,27.5,81.1,2.1,1011.5,23.84
1280,27.8,83.3,1.5,1009.8,11.11
1138,27.1,74.2,1.6,1015.1,25.61
1444,27.3,80.4,5.6,1012.1,18.51
128,29.9,76.6,1.8,1009.3,23.82
998,28.3,79.5,1.6,1010.5,23.68
1297,29.0,79.4,2.1,1008.5,22.58
544,27.6,80.3,1.7,1009.6,23.9
379,26.8,81.9,1.3,1008.8,16.91
203,26.9,87.3,1.4,1009.6,8.05
343,26.9,86.7,1.0,1008.2,14.5
1250,29.2,79.7,1.7,1008.0,20.41
1355,26.5,89.2,1.7,1009.5,11.91
518,28.4,81.0,1.8,1009.9,23.2
488,29.7,76.2,1.8,1010.0,24.7
1435,28.0,70.9,3.7,1012.9,18.51
917,28.8,76.3,1.5,1008.2,19.95
232,28.8,80.3,1.7,1007.5,23.11
794,27.8,79.1,2.0,1009.3,24.36
1367,28.2,81.6,2.1,1011.8,23.52
514,28.7,83.6,1.6,1008.0,19.39
1445,27.4,83.7,4.9,1010.9,18.51
511,28.6,79.5,1.9,1007.9,15.76
112,29.9,74.3,1.6,1009.6,20.19
1396,25.4,92.7,1.2,1009.7,5.81
217,29.4,80.3,1.6,1009.1,19.14
499,28.0,82.2,1.9,1007.7,16.9
1429,28.1,84.3,4.8,1009.9,18.51
934,28.9,84.5,1.3,1008.9,20.62
225,28.5,82.6,1.9,1008.9,21.69
1042,25.4,90.4,2.3,1008.3,9.33
1249,28.8,82.6,1.8,1008.5,15.9
1350,28.2,83.3,1.6,1012.3,20.43
397,26.6,80.6,1.4,1011.6,19.77
540,27.7,83.7,1.8,1008.4,11.0
328,27.3,87.3,1.0,1008.5,16.25
795,28.2,77.5,1.6,1009.7,25.86
848,26.4,90.9,1.2,1009.8,8.52
1406,26.8,85.4,2.0,1009.9,20.68
93,29.3,78.5,2.0,1011.6,23.79
213,29.0,76.2,1.7,1008.2,23.08
770,26.1,72.0,2.1,1012.1,23.77
337,25.7,93.6,1.3,1009.0,5.6
803,28.3,75.3,2.4,1010.6,19.34
212,28.2,80.8,2.5,1009.0,15.89
618,28.5,81.3,1.6,1009.4,15.19
1139,27.1,82.7,2.4,1014.9,16.25
1136,27.9,80.9,2.1,1014.1,23.02
36,27.7,82.0,4.4,1010.6,18.51
105,29.5,81.5,1.6,1009.8,18.07
362,26.0,85.3,2.4,1010.9,5.88
850,29.2,79.5,1.9,1009.8,24.27
756,27.0,84.2,1.9,1008.0,20.57
758,26.1,87.3,1.7,1009.0,14.81
365,25.9,87.8,3.0,1009.8,8.31
856,28.1,79.5,2.0,1011.0,19.55
1228,28.4,83.1,1.7,1009.0,15.18
1458,27.6,75.0,3.2,1012.0,18.51
565,29.2,81.6,1.6,1009.7,21.5
249,28.0,81.8,1.8,1010.1,24.09
476,29.2,77.5,2.1,1010.1,25.69
781,26.5,81.5,1.6,1010.2,15.83
454,27.3,84.9,2.0,1012.6,24.36
1319,28.6,82.8,2.2,1008.7,22.18
1107,28.0,78.4,2.3,1011.7,22.19
230,28.8,80.0,1.8,1006.9,18.33
652,25.9,88.6,2.1,1007.5,7.68
70,28.0,78.3,2.0,1011.8,26.86
610,27.3,83.2,1.9,1009.3,16.69
1402,27.1,84.3,1.6,1010.5,16.28
1359,28.3,80.2,2.0,1009.2,20.11
1431,25.2,96.3,3.2,1009.9,18.51
410,27.0,73.7,5.3,1016.0,13.97
1374,27.6,79.6,1.9,1010.3,23.67
1151,26.8,77.7,1.7,1011.4,26.7
338,26.2,92.3,0.9,1009.5,10.03
1025,27.1,86.3,1.4,1011.4,15.41
43,28.7,82.0,2.4,1011.1,18.51
539,27.4,81.0,1.6,1008.9,17.7
601,26.4,87.0,1.6,1008.2,20.42
965,27.5,86.2,1.4,1009.1,11.57
1309,28.7,79.5,1.6,1009.5,17.35
171,26.5,88.6,1.6,1008.3,12.46
417,27.1,79.6,1.7,1011.1,21.59
837,28.4,78.9,1.8,1010.8,23.08
1220,29.9,78.3,2.2,1010.3,24.95
806,27.9,80.0,1.7,1010.3,21.88
882,27.8,83.4,2.3,1009.6,19.0
1361,28.0,79.8,2.3,1011.6,22.12
637,26.8,83.0,1.8,1009.5,15.83
423,26.6,85.0,3.1,1010.5,11.18
727,24.9,92.8,1.0,1010.1,5.29
967,28.7,82.5,1.4,1008.8,18.51
376,27.6,83.9,1.7,1009.5,18.47
524,27.2,90.3,1.1,1008.8,9.8
438,28.1,77.5,2.3,1010.5,23.22
1261,29.5,79.2,2.0,1009.6,21.41
150,28.4,81.0,1.5,1009.5,22.41
1461,27.9,77.5,3.2,1013.9,18.22
1324,27.9,81.2,2.4,1010.0,21.78
981,26.3,85.6,2.0,1008.9,21.15
954,28.0,81.9,1.4,1008.3,20.83
1315,28.2,84.8,1.4,1007.7,7.94
143,30.0,76.1,1.5,1009.7,18.02
717,27.6,75.7,3.2,1013.0,17.23
526,29.3,81.8,1.6,1009.4,21.7
583,28.6,80.0,1.8,1008.4,19.12
975,28.2,78.0,1.9,1010.4,23.95
566,28.3,86.3,1.3,1008.9,8.82
440,28.3,82.3,1.6,1009.2,21.89
1155,28.1,75.6,2.0,1011.2,25.2
174,28.8,80.6,1.6,1008.0,20.28
1311,28.9,77.9,1.9,1008.3,17.89
123,30.1,75.5,2.1,1009.1,24.13
138,29.8,78.4,1.8,1008.5,19.54
879,28.7,80.8,1.5,1008.8,22.4
1075,26.3,92.5,1.5,1010.5,11.9
732,26.1,85.7,5.9,1008.4,4.34
624,27.5,81.4,2.1,1008.9,20.99
784,27.8,77.9,2.1,1010.3,24.93
182,29.4,79.8,1.7,1009.3,22.68
617,29.0,78.2,1.7,1008.6,24.79
690,28.0,81.2,2.1,1008.3,21.9
1282,28.3,82.0,2.2,1008.9,20.94
240,27.6,82.3,1.9,1009.9,22.27
458,26.5,88.1,2.3,1011.1,15.14
681,26.7,86.5,2.0,1008.2,14.47
465,27.9,85.1,1.5,1008.3,21.1
1187,28.1,83.7,1.9,1011.2,20.93
1191,28.4,75.2,1.8,1011.2,25.11
145,29.2,79.8,2.2,1008.7,20.84
206,26.5,84.8,2.2,1009.6,17.49
1212,28.9,76.5,1.8,1008.8,23.42
1268,28.7,78.9,2.5,1007.1,19.83
324,27.8,85.7,1.8,1007.5,20.92
657,28.7,83.3,1.3,1010.2,19.77
1334,27.9,82.9,1.8,1009.5,23.62
714,26.8,81.3,1.7,1011.1,20.17
1348,27.9,81.9,1.9,1010.8,22.6
1383,27.5,82.0,2.6,1010.4,22.74
79,29.1,72.3,1.5,1010.7,21.18
1330,27.5,84.5,1.9,1010.5,19.62
687,28.3,81.5,1.7,1008.2,22.08
166,28.3,80.8,2.0,1008.7,18.34
229,28.7,82.5,1.6,1007.8,21.27
1415,27.5,83.5,1.5,1010.7,16.61
1293,27.3,83.6,2.1,1007.2,15.19
740,26.6,84.3,2.3,1012.3,21.28
100,29.7,77.3,1.8,1010.5,24.1
290,27.4,84.2,1.5,1007.2,12.89
444,28.1,77.5,1.9,1011.3,23.95
878,26.9,87.8,1.1,1009.0,7.73
1077,26.2,93.0,2.3,1011.5,5.12
739,26.3,87.9,1.6,1011.3,17.72
391,26.2,86.9,3.3,1012.6,14.66
86,29.4,73.9,1.7,1014.1,25.36
1460,27.7,77.8,2.6,1012.7,18.51
666,26.8,84.1,1.8,1009.7,15.45
1313,29.4,78.3,2.2,1008.1,20.09
475,28.6,78.0,2.0,1010.3,25.62
44,28.4,82.5,1.6,1011.3,18.51
788,27.8,72.7,2.0,1010.5,23.94
1002,27.5,83.5,2.0,1008.6,20.36
1137,27.8,73.7,2.5,1014.9,25.24
24,28.8,75.5,5.0,1014.3,18.51
1235,27.8,84.8,2.2,1009.9,20.82
832,27.6,86.5,1.7,1008.9,18.74
1193,29.0,77.0,1.9,1010.0,23.97
591,27.1,82.2,1.8,1010.3,19.7
1438,27.4,75.1,5.7,1013.0,18.51
973,27.9,82.5,1.5,1010.4,23.57
1056,27.3,84.7,1.8,1011.7,21.3
109,29.9,76.9,1.7,1010.4,25.83
1160,27.0,76.8,2.0,1011.7,25.38
222,27.1,84.0,2.0,1009.8,13.4
1052,27.8,82.8,1.8,1011.1,18.02
722,24.9,89.4,5.1,1007.9,5.51
55,28.7,72.1,3.4,1015.1,18.51
1440,27.8,72.3,4.3,1011.8,18.51
253,28.4,80.2,1.7,1009.5,20.62
1072,26.3,89.4,2.1,1009.9,15.14
642,27.4,83.3,1.5,1009.6,16.55
545,28.1,80.5,1.7,1009.3,20.7
477,29.3,74.0,2.2,1010.3,24.85
949,28.4,81.3,1.5,1007.5,18.6
843,28.8,77.6,1.9,1008.3,24.93
63,28.4,77.8,2.2,1012.7,18.51
413,26.9,73.3,3.6,1013.5,22.87
384,26.4,87.9,2.2,1011.2,20.84
974,28.5,79.5,1.7,1011.6,22.28
884,27.0,81.7,1.6,1007.9,11.49
451,28.6,79.5,1.6,1011.9,22.36
1258,28.3,83.8,2.0,1008.9,16.42
656,28.8,82.4,1.7,1009.4,22.55
369,27.0,86.4,4.2,1009.1,7.56
689,28.2,79.4,2.2,1008.7,21.94
219,27.6,87.2,1.5,1009.6,8.1
1365,27.4,85.7,2.0,1012.5,21.0
21,29.2,77.2,3.0,1012.2,18.51
760,27.0,83.5,1.9,1010.8,22.24
869,28.8,80.3,1.5,1007.0,22.53
420,27.5,82.4,1.7,1012.4,21.99
199,28.9,78.3,2.0,1008.9,23.87
450,29.2,75.8,1.9,1011.0,24.69
1161,28.1,77.7,1.8,1011.2,24.29
1019,27.1,84.0,1.9,1011.5,22.84
911,26.4,85.0,1.8,1008.4,15.74
696,26.1,93.3,2.1,1007.8,6.2
811,28.0,75.2,2.2,1008.6,24.93
1236,28.2,84.2,1.2,1009.6,14.41
1432,25.6,89.3,2.4,1011.1,18.51
910,27.6,80.2,1.9,1008.7,22.17
1049,26.4,90.7,2.3,1010.0,14.89
505,28.7,78.5,1.9,1007.4,20.89
1404,27.3,85.0,1.9,1010.1,13.54
1255,28.0,85.4,1.7,1009.6,19.74
405,26.4,80.8,1.8,1010.4,21.65
317,26.8,85.2,1.2,1010.8,17.37
183,29.5,79.3,1.9,1009.9,21.45
1120,27.8,73.1,2.5,1014.1,18.05
1353,26.4,84.5,2.2,1009.8,16.74
609,28.0,80.6,1.7,1009.9,25.01
626,27.8,82.3,1.9,1011.7,21.37
485,29.6,75.1,2.0,1010.4,24.24
278,27.0,83.9,1.8,1008.2,18.86
630,26.2,84.6,1.9,1008.9,10.7
20,28.1,82.1,2.0,1011.9,18.51
170,26.7,86.1,1.4,1009.3,6.39
901,27.7,83.5,1.7,1010.0,14.0
1039,26.2,93.4,1.2,1009.7,12.45
176,28.0,81.1,1.6,1009.1,22.19
327,27.7,83.9,1.5,1008.2,17.03
706,26.2,90.2,1.2,1010.0,9.32
1222,29.1,79.9,2.0,1007.6,22.65
470,29.0,78.6,2.0,1009.9,24.21
1344,26.9,85.6,2.0,1009.5,20.57
266,27.8,79.8,1.5,1008.3,25.3
615,27.4,81.5,1.9,1008.9,23.65
130,30.5,75.3,1.8,1008.4,25.06
865,29.4,76.8,1.9,1007.7,21.92
1405,26.8,85.6,1.8,1008.8,15.82
1349,28.1,83.0,2.0,1012.2,21.35
489,29.7,74.8,2.1,1009.8,25.54
606,25.7,88.6,1.9,1008.9,6.47
1217,30.3,74.8,2.6,1009.6,23.04
1164,28.4,75.0,1.7,1011.8,21.5
416,27.3,77.3,2.8,1010.3,20.27
152,28.5,77.6,1.5,1010.8,19.04
889,29.2,79.2,1.5,1008.8,21.42
849,28.6,81.0,1.7,1009.1,25.69
279,27.4,80.7,1.6,1009.0,17.97
1034,28.1,82.0,2.9,1009.8,16.69
269,27.9,79.9,2.2,1008.7,22.86
96,28.6,76.2,1.7,1010.6,24.04
210,27.7,82.4,1.7,1009.3,21.3
569,28.8,83.4,1.5,1009.5,20.05
1412,26.4,88.5,1.6,1010.8,12.64
871,29.2,78.9,1.2,1007.6,17.67
532,28.0,82.4,2.6,1009.9,23.4
1409,26.7,83.5,2.1,1010.1,12.26
1356,27.3,84.0,2.1,1010.4,17.43
1099,24.6,93.1,5.2,1010.9,1.87
712,27.7,76.8,2.3,1011.5,15.24
77,27.6,78.6,1.5,1010.8,25.57
263,27.5,82.4,1.4,1008.2,18.0
1457,26.5,80.9,2.1,1011.8,18.51
149,28.2,82.7,2.1,1009.1,22.58
469,29.3,80.9,1.6,1010.4,24.3
564,28.9,83.0,1.3,1009.7,21.81
461,26.8,88.8,1.2,1008.4,6.88
1277,28.4,81.3,1.7,1008.7,17.02
896,29.5,78.3,1.3,1009.0,15.53
1345,28.0,83.0,2.0,1010.0,23.74
695,25.0,96.1,1.3,1009.2,3.63
1175,29.0,72.4,2.1,1010.8,26.5
928,29.2,79.1,1.4,1005.9,22.4
1326,27.7,80.4,1.8,1010.2,22.33
1214,28.6,80.5,1.9,1009.2,18.33
586,27.6,84.3,1.9,1010.7,22.38
1372,27.4,79.5,2.1,1011.1,21.45
243,27.3,82.2,1.6,1010.7,24.05
1111,27.0,81.2,1.9,1011.1,19.91
751,25.3,91.6,2.3,1008.5,5.67
1394,27.5,82.9,2.4,1009.8,17.35
1312,29.0,80.1,2.1,1007.5,18.51
648,28.3,81.0,2.6,1006.2,25.2
1190,27.9,78.8,1.4,1011.7,26.6
595,27.3,86.4,1.6,1008.7,20.75
313,27.0,87.2,1.5,1011.4,19.16
933,27.3,83.2,1.4,1009.7,13.63
155,27.8,80.6,1.5,1010.9,12.3
1380,28.0,78.9,2.2,1009.4,25.74
1303,27.8,82.0,2.0,1009.8,21.88
1150,27.5,77.8,1.9,1011.1,26.58
999,27.8,82.0,1.5,1010.2,19.17
1046,25.6,96.1,1.4,1009.8,2.11
1306,28.9,78.8,2.0,1009.7,22.78
1391,26.6,91.5,1.2,1008.7,6.83
25,27.4,84.8,4.4,1013.0,18.51
196,26.6,90.2,1.5,1008.9,8.79
1088,27.6,82.0,1.7,1009.8,22.6
15,27.7,88.3,1.5,1009.6,18.51
1321,28.8,82.8,2.0,1010.4,23.77
883,27.7,80.1,2.9,1009.6,15.97
621,27.2,80.9,1.5,1009.8,18.02
1360,28.3,82.9,2.1,1010.4,18.63
1050,27.3,88.5,1.4,1010.4,19.34
1067,25.1,95.0,1.7,1009.6,5.68
497,27.9,80.3,1.5,1008.9,25.44
792,27.7,80.0,1.8,1008.7,22.81
964,28.4,83.5,1.4,1008.2,20.02
515,27.7,88.5,1.4,1008.7,5.4
1427,28.5,83.4,3.3,1009.1,18.51
1411,26.7,84.1,1.9,1010.2,15.87
1095,27.4,84.5,2.6,1013.4,17.32
542,27.5,83.8,1.5,1009.7,13.8
456,27.7,83.5,1.6,1010.9,23.15
633,27.8,83.2,1.7,1008.5,20.68
431,26.9,79.6,1.8,1010.1,18.51
627,28.0,81.6,2.1,1010.8,24.86
728,26.1,88.3,1.8,1010.4,15.74
1288,28.4,77.4,1.9,1011.2,22.64
209,27.9,84.4,2.1,1008.7,21.03
316,25.4,93.0,1.3,1010.9,9.57
513,27.3,87.5,1.7,1007.2,14.58
1337,27.5,83.8,2.1,1007.2,22.6
829,28.1,77.9,3.4,1010.7,22.26
319,26.6,87.6,1.7,1009.5,16.22
1031,26.8,89.2,1.4,1011.3,10.54
1417,27.3,85.3,2.2,1010.7,21.89
141,28.6,81.8,2.2,1009.5,6.91
1110,26.9,84.2,1.4,1010.9,22.66
753,26.4,87.1,2.4,1008.0,20.2
1001,27.4,83.4,1.9,1009.2,20.71
1239,28.7,80.7,1.5,1010.0,16.23
580,28.2,81.5,1.4,1008.3,21.23
562,26.8,89.5,1.0,1007.9,7.04
398,26.7,80.3,1.6,1011.9,17.55
668,24.8,95.6,1.5,1010.4,2.43
252,28.3,79.9,1.7,1010.7,21.47
907,27.0,78.1,2.4,1009.6,20.29
468,29.1,81.3,1.8,1010.2,24.6
914,27.5,77.3,1.8,1009.5,14.4
357,25.0,94.2,1.3,1009.3,5.77
1278,29.1,82.0,1.4,1008.5,19.51
1300,28.1,77.8,2.3,1009.9,23.14
1202,30.1,78.1,2.0,1010.0,26.66
1305,27.2,81.6,2.1,1010.0,22.21
1414,25.9,92.9,1.1,1010.7,5.36
508,28.2,84.1,1.7,1008.3,15.23
749,26.4,81.0,1.6,1009.6,16.07
129,30.3,76.6,1.9,1009.5,23.52
144,29.5,77.6,1.8,1009.1,12.43
960,28.2,85.9,1.8,1006.4,22.07
847,27.4,84.4,2.0,1010.1,19.14
715,26.9,79.8,1.7,1011.5,20.62
905,28.5,75.6,2.3,1009.4,22.04
1096,26.9,84.4,2.1,1013.0,12.8
235,28.6,83.8,1.7,1006.4,17.68
1061,28.1,81.3,2.4,1011.6,20.69
